{
    "metrics": {
        "http_req_tls_handshaking": {
            "max": 0,
            "p(90)": 0,
            "p(95)": 0,
            "avg": 0,
            "min": 0,
            "med": 0
        },
        "http_req_receiving": {
            "avg": 0.2574956998468609,
            "min": 0.025452,
            "med": 0.1262545,
            "max": 20.448955,
            "p(90)": 0.4804652000000003,
            "p(95)": 0.8280175999999969
        },
        "http_req_connecting": {
            "avg": 0.0022338325676365487,
            "min": 0,
            "med": 0,
            "max": 0.553553,
            "p(90)": 0,
            "p(95)": 0
        },
        "iteration_duration": {
            "max": 7101.202081,
            "p(90)": 4805.735258600001,
            "p(95)": 5208.8448677999995,
            "avg": 3605.4654686003005,
            "min": 1059.654304,
            "med": 3711.079673
        },
        "vus_max": {
            "value": 50,
            "min": 50,
            "max": 50
        },
        "http_reqs": {
            "count": 3918,
            "rate": 24.41432561094247
        },
        "http_req_blocked": {
            "med": 0.0054555,
            "max": 1.286398,
            "p(90)": 0.010678000000000002,
            "p(95)": 0.014783999999999985,
            "avg": 0.010146698570699338,
            "min": 0.002096
        },
        "vus": {
            "value": 4,
            "min": 2,
            "max": 50
        },
        "http_req_duration{expected_response:true}": {
            "p(95)": 2985.2645923999994,
            "avg": 1302.025469092648,
            "min": 1.865837,
            "med": 1220.9961515,
            "max": 4382.73007,
            "p(90)": 2609.0474941
        },
        "http_req_waiting": {
            "p(95)": 2985.1304726999997,
            "avg": 1301.7443227623787,
            "min": 1.799098,
            "med": 1220.69607,
            "max": 4382.462769,
            "p(90)": 2608.7072926
        },
        "data_received": {
            "count": 4881094,
            "rate": 30415.675919759477
        },
        "iterations": {
            "count": 1959,
            "rate": 12.207162805471235
        },
        "http_req_duration": {
            "avg": 1302.025469092648,
            "min": 1.865837,
            "med": 1220.9961515,
            "max": 4382.73007,
            "p(90)": 2609.0474941,
            "p(95)": 2985.2645923999994,
            "thresholds": {
                "p(95)<500": true
            }
        },
        "checks": {
            "fails": 0,
            "passes": 7836,
            "thresholds": {
                "rate>0.99": false
            },
            "value": 1
        },
        "http_req_sending": {
            "p(95)": 0.04474484999999999,
            "avg": 0.02365063042368552,
            "min": 0.006137,
            "med": 0.0167635,
            "max": 1.749744,
            "p(90)": 0.03461240000000001
        },
        "http_req_failed": {
            "fails": 3918,
            "passes": 0,
            "thresholds": {
                "rate<0.01": false
            },
            "value": 0
        },
        "data_sent": {
            "count": 1141891,
            "rate": 7115.492262941478
        }
    },
    "root_group": {
        "path": "",
        "id": "d41d8cd98f00b204e9800998ecf8427e",
        "groups": {},
        "checks": {
                "GET /products (list): status is 200": {
                    "name": "GET /products (list): status is 200",
                    "path": "::GET /products (list): status is 200",
                    "id": "8f0bb84805b71e77e6e025aa080fa18c",
                    "passes": 1959,
                    "fails": 0
                },
                "GET /products (list): response has \"data\" array": {
                    "id": "06ebc1230be4cdc1d53ea3190cd38004",
                    "passes": 1959,
                    "fails": 0,
                    "name": "GET /products (list): response has \"data\" array",
                    "path": "::GET /products (list): response has \"data\" array"
                },
                "GET /products/{productId} (detail}: status is 200": {
                    "id": "b9a3b80a57bd78b30fb225ea8f6a6808",
                    "passes": 1959,
                    "fails": 0,
                    "name": "GET /products/{productId} (detail}: status is 200",
                    "path": "::GET /products/{productId} (detail}: status is 200"
                },
                "GET /products/{productId} (detail}: response has correct id": {
                    "passes": 1959,
                    "fails": 0,
                    "name": "GET /products/{productId} (detail}: response has correct id",
                    "path": "::GET /products/{productId} (detail}: response has correct id",
                    "id": "987d91351d604037414a4639ee0347cb"
                }
            },
        "name": ""
    }
}