{
    "metrics": {
        "http_req_waiting": {
            "max": 4501.725563,
            "p(90)": 2616.0916562,
            "p(95)": 2983.4098166999997,
            "avg": 1324.2826810924585,
            "min": 1.689603,
            "med": 1305.070143
        },
        "iteration_duration": {
            "max": 7189.816532,
            "p(90)": 4782.0909625,
            "p(95)": 5200.0140922499995,
            "avg": 3650.356225738124,
            "min": 1056.440866,
            "med": 3794.8195235000003
        },
        "http_req_connecting": {
            "min": 0,
            "med": 0,
            "max": 0.485421,
            "p(90)": 0,
            "p(95)": 0,
            "avg": 0.002275574638429753
        },
        "vus_max": {
            "value": 50,
            "min": 50,
            "max": 50
        },
        "http_req_blocked": {
            "p(95)": 0.015713199999999997,
            "avg": 0.010689269111570228,
            "min": 0.001845,
            "med": 0.005346,
            "max": 1.100248,
            "p(90)": 0.0105859
        },
        "http_req_sending": {
            "avg": 0.02252436699380161,
            "min": 0.004728,
            "med": 0.0164175,
            "max": 2.548367,
            "p(90)": 0.0332522,
            "p(95)": 0.04453424999999998
        },
        "http_req_receiving": {
            "avg": 0.1971139436983469,
            "min": 0.023719,
            "med": 0.10835449999999999,
            "max": 15.290674,
            "p(90)": 0.35462050000000006,
            "p(95)": 0.5760066999999999
        },
        "http_req_duration": {
            "p(90)": 2616.2926838,
            "p(95)": 2983.52121115,
            "avg": 1324.5023194031542,
            "min": 1.761568,
            "med": 1305.176112,
            "max": 4501.94649,
            "thresholds": {
                "p(95)<500": true
            }
        },
        "http_reqs": {
            "count": 3872,
            "rate": 24.086831187321106
        },
        "http_req_failed": {
            "passes": 0,
            "fails": 3872,
            "thresholds": {
                "rate<0.01": false
            },
            "value": 0
        },
        "vus": {
            "value": 2,
            "min": 2,
            "max": 50
        },
        "data_sent": {
            "count": 1128477,
            "rate": 7019.998708102934
        },
        "http_req_duration{expected_response:true}": {
            "avg": 1324.5023194031542,
            "min": 1.761568,
            "med": 1305.176112,
            "max": 4501.94649,
            "p(90)": 2616.2926838,
            "p(95)": 2983.52121115
        },
        "http_req_tls_handshaking": {
            "avg": 0,
            "min": 0,
            "med": 0,
            "max": 0,
            "p(90)": 0,
            "p(95)": 0
        },
        "data_received": {
            "count": 4812622,
            "rate": 29938.226674170368
        },
        "iterations": {
            "rate": 12.043415593660553,
            "count": 1936
        },
        "checks": {
            "fails": 0,
            "passes": 7744,
            "thresholds": {
                "rate>0.99": false
            },
            "value": 1
        }
    },
    "root_group": {
        "groups": {},
        "checks": {
                "GET /products (list): status is 200": {
                    "name": "GET /products (list): status is 200",
                    "path": "::GET /products (list): status is 200",
                    "id": "8f0bb84805b71e77e6e025aa080fa18c",
                    "passes": 1936,
                    "fails": 0
                },
                "GET /products (list): response has \"data\" array": {
                    "name": "GET /products (list): response has \"data\" array",
                    "path": "::GET /products (list): response has \"data\" array",
                    "id": "06ebc1230be4cdc1d53ea3190cd38004",
                    "passes": 1936,
                    "fails": 0
                },
                "GET /products/{productId} (detail}: status is 200": {
                    "name": "GET /products/{productId} (detail}: status is 200",
                    "path": "::GET /products/{productId} (detail}: status is 200",
                    "id": "b9a3b80a57bd78b30fb225ea8f6a6808",
                    "passes": 1936,
                    "fails": 0
                },
                "GET /products/{productId} (detail}: response has correct id": {
                    "name": "GET /products/{productId} (detail}: response has correct id",
                    "path": "::GET /products/{productId} (detail}: response has correct id",
                    "id": "987d91351d604037414a4639ee0347cb",
                    "passes": 1936,
                    "fails": 0
                }
            },
        "name": "",
        "path": "",
        "id": "d41d8cd98f00b204e9800998ecf8427e"
    }
}